temperature,results
1.8,0.02228
1.9,0.0316651
2.0,0.0373779
2.1,0.0571903
2.2,0.172438
2.3,0.728982
2.4,0.743071
2.5,0.436076
2.6,0.300427
2.7,0.24072
2.8,0.22243400000000002
2.9,0.176083
