temperature,results
1.8,0.958375
1.9,0.9393600000000001
2.0,0.91676
2.1,0.880408
2.2,0.8145
2.3,0.746514
2.4,0.665871
2.5,0.474857
2.6,0.264333
2.7,0.282111
2.8,0.21071399999999998
2.9,0.166
