temperature,results
0.5,0.436654
0.6,0.21244699999999997
0.7,0.429623
0.8,0.301898
0.9,0.481567
1.0,0.435889
1.1,0.564773
1.2,0.44332299999999997
1.3,0.5111640000000001
1.4,0.34720500000000004
1.5,0.510184
1.6,0.462279
1.7,0.35840900000000003
1.8,0.699184
1.9,0.52952
2.0,0.369284
2.1,0.0381672
2.2,-0.134927
2.3,0.00577143
2.4,-0.0123245
2.5,0.035011
2.6,-0.0329
2.7,0.099374
2.8,-0.0506286
2.9,0.022147099999999996
3.0,-0.0100816
