temperature,results
0.5,0.6673060000000001
0.6,0.673421
0.7,0.664432
0.8,0.6632060000000001
0.9,0.6585439999999999
1.0,0.656227
1.1,0.650975
1.2,0.6455850000000001
1.3,0.6421020000000001
1.4,0.632238
1.5,0.625825
1.6,0.600903
1.7,0.558526
1.8,0.511695
1.9,0.455554
2.0,0.42268100000000003
2.1,0.397762
2.2,0.373834
2.3,0.284068
2.4,0.268933
2.5,0.263596
2.6,0.275579
2.7,0.289611
2.8,0.264824
2.9,0.20622100000000002
3.0,0.320621
