temperature,results
0.5,0.666667
0.6,0.666667
0.7,0.666667
0.8,0.666662
0.9,0.666656
1.0,0.6666449999999999
1.1,0.666624
1.2,0.666592
1.3,0.666506
1.4,0.666397
1.5,0.666146
1.6,0.665778
1.7,0.664982
1.8,0.663226
1.9,0.661068
2.0,0.651383
2.1,0.6497310000000001
2.2,0.63605
2.3,0.6184729999999999
2.4,0.582749
2.5,0.545564
2.6,0.47543100000000005
2.7,0.449804
2.8,0.332004
2.9,0.24354
3.0,0.216192
