temperature,results
0.5,0.665101
0.6,0.6630050000000001
0.7,0.665313
0.8,0.666484
0.9,0.665792
1.0,0.665795
1.1,0.666341
1.2,0.666194
1.3,0.665981
1.4,0.6656270000000001
1.5,0.664501
1.6,0.661346
1.7,0.6589010000000001
1.8,0.6500560000000001
1.9,0.6462600000000001
2.0,0.63289
2.1,0.571642
2.2,0.446374
2.3,0.35070500000000004
2.4,0.314874
2.5,0.350312
2.6,0.270452
2.7,0.256372
2.8,0.129313
2.9,0.0937316
3.0,0.132496
