temperature,results
0.5,0.524517
0.6,-0.789863
0.7,-0.40267
0.8,-0.807248
0.9,0.10169600000000001
1.0,0.15576199999999998
1.1,0.11084300000000001
1.2,0.10130700000000001
1.3,0.252655
1.4,-0.194485
1.5,-0.05128049999999999
1.6,-0.33774
1.7,0.566693
1.8,0.486479
1.9,0.49031099999999994
2.0,0.594569
2.1,0.12396800000000001
2.2,0.080068
2.3,0.0326688
2.4,-0.03430130000000001
2.5,0.0539962
2.6,-0.0286301
2.7,-0.09956989999999999
2.8,-0.00277251
2.9,0.0397051
3.0,-0.0517274
