temperature,results
0.5,0.298992
0.6,0.352522
0.7,0.44936499999999996
0.8,0.787827
0.9,0.676315
1.0,0.6643859999999999
1.1,0.662454
1.2,0.6639079999999999
1.3,0.6646920000000001
1.4,0.658972
1.5,0.6517390000000001
1.6,0.648496
1.7,0.6338630000000001
1.8,0.6105010000000001
1.9,0.5405399999999999
2.0,0.379968
2.1,0.28078000000000003
2.2,0.40262600000000004
2.3,0.314413
2.4,0.30498600000000003
2.5,0.245061
2.6,0.0491585
2.7,0.137785
2.8,0.017271
2.9,0.0175291
3.0,0.0759838
