temperature,results
0.5,0.451212
0.6,-0.377332
0.7,0.21359
0.8,0.258495
0.9,0.33662
1.0,0.295744
1.1,0.29189
1.2,0.340404
1.3,0.333311
1.4,0.631058
1.5,0.598266
1.6,0.6132340000000001
1.7,0.573493
1.8,0.509369
1.9,0.446263
2.0,0.380771
2.1,0.537858
2.2,0.31707399999999997
2.3,0.14594400000000002
2.4,0.0794872
2.5,0.0387945
2.6,0.034672800000000004
2.7,0.0180875
2.8,0.023575799999999997
2.9,-0.0412714
3.0,0.06985039999999999
