temperature,results
0.5,0.27305100000000004
0.6,0.305603
0.7,0.453147
0.8,0.452085
0.9,0.472312
1.0,0.666637
1.1,0.664384
1.2,0.666612
1.3,0.665484
1.4,0.665567
1.5,0.666413
1.6,0.666371
1.7,0.665313
1.8,0.662602
1.9,0.662409
2.0,0.656245
2.1,0.6613899999999999
2.2,0.543229
2.3,0.254019
2.4,0.356148
2.5,0.231277
2.6,0.0857572
2.7,-0.00836674
2.8,-0.134124
2.9,-0.00448543
3.0,0.019648099999999998
