temperature,results
0.5,0.21135700000000002
0.6,0.266049
0.7,0.28486500000000003
0.8,-0.106321
0.9,0.318177
1.0,0.598065
1.1,0.560416
1.2,0.630154
1.3,0.607885
1.4,0.612282
1.5,0.5975050000000001
1.6,0.561491
1.7,0.527418
1.8,0.406127
1.9,0.394401
2.0,0.437356
2.1,0.36673
2.2,0.281204
2.3,0.195854
2.4,0.183082
2.5,0.0571105
2.6,0.0579389
2.7,0.042220099999999997
2.8,0.100861
2.9,0.0140925
3.0,-0.00136231
