temperature,results
0.5,0.462426
0.6,0.509278
0.7,0.576437
0.8,0.517621
0.9,0.532369
1.0,0.427149
1.1,0.56197
1.2,0.56287
1.3,0.592187
1.4,0.559433
1.5,0.570655
1.6,0.49836800000000003
1.7,0.510547
1.8,0.490896
1.9,0.5888770000000001
2.0,0.431605
2.1,0.390494
2.2,0.140927
2.3,0.110075
2.4,-0.016431400000000002
2.5,-0.05342380000000001
2.6,-0.049379900000000004
2.7,0.0382061
2.8,0.109946
2.9,0.07953099999999999
3.0,0.0408775
