temperature,results
0.5,0.443554
0.6,0.45272799999999996
0.7,0.753815
0.8,0.658666
0.9,0.6765100000000001
1.0,0.66614
1.1,0.664246
1.2,0.6650020000000001
1.3,0.664774
1.4,0.662409
1.5,0.661874
1.6,0.6582210000000001
1.7,0.651521
1.8,0.645041
1.9,0.60969
2.0,0.527031
2.1,0.366045
2.2,0.29168299999999997
2.3,0.346852
2.4,0.393205
2.5,0.271045
2.6,0.295244
2.7,0.28374499999999997
2.8,0.0758206
2.9,0.04556369999999999
3.0,0.10650599999999999
