temperature,results
0.5,0.135204
0.6,0.18398599999999998
0.7,0.278814
0.8,0.312687
0.9,0.375619
1.0,0.40701
1.1,0.447763
1.2,0.6339520000000001
1.3,0.667263
1.4,0.690917
1.5,0.657115
1.6,0.651702
1.7,0.662827
1.8,0.642497
1.9,0.613067
2.0,0.46645
2.1,0.43466400000000005
2.2,0.5323319999999999
2.3,0.37897
2.4,0.034390199999999996
2.5,0.058003599999999995
2.6,0.00838603
2.7,0.15331
2.8,0.0496154
2.9,-0.0289815
3.0,-0.0249287
