temperature,results
0.5,0.473347
0.6,0.6649510000000001
0.7,0.665821
0.8,0.6666479999999999
0.9,0.665783
1.0,0.664654
1.1,0.665898
1.2,0.666579
1.3,0.6665220000000001
1.4,0.666481
1.5,0.6650729999999999
1.6,0.664696
1.7,0.666011
1.8,0.665341
1.9,0.659987
2.0,0.652687
2.1,0.6478079999999999
2.2,0.619059
2.3,0.350591
2.4,0.432734
2.5,0.42691899999999994
2.6,0.264782
2.7,0.019954
2.8,0.0897296
2.9,0.0588193
3.0,-0.0290353
