temperature,results
0.5,0.210941
0.6,0.287979
0.7,0.346356
0.8,0.36345700000000003
0.9,0.395463
1.0,0.422097
1.1,0.506632
1.2,0.684905
1.3,0.685134
1.4,0.66497
1.5,0.664666
1.6,0.665197
1.7,0.658058
1.8,0.658609
1.9,0.656509
2.0,0.610591
2.1,0.44239799999999996
2.2,0.409169
2.3,0.513195
2.4,0.369372
2.5,0.229854
2.6,0.125901
2.7,0.12046400000000002
2.8,0.0446501
2.9,0.02706
3.0,0.048938199999999994
