temperature,results
0.5,0.15659700000000001
0.6,0.22607199999999997
0.7,0.255882
0.8,0.35518099999999997
0.9,0.47135299999999997
1.0,0.398467
1.1,0.382398
1.2,0.789883
1.3,0.43074399999999996
1.4,0.660884
1.5,0.662904
1.6,0.672459
1.7,0.661613
1.8,0.661098
1.9,0.665392
2.0,0.617628
2.1,0.5430699999999999
2.2,0.24744899999999997
2.3,0.552447
2.4,0.23306
2.5,-0.00862325
2.6,0.0586095
2.7,0.031592
2.8,0.00784294
2.9,0.054292999999999994
3.0,0.06388200000000001
