temperature,results
0.5,0.666656
0.6,0.565394
0.7,0.581188
0.8,0.58885
0.9,0.7286819999999999
1.0,0.6662680000000001
1.1,0.6659729999999999
1.2,0.6654680000000001
1.3,0.664868
1.4,0.6626890000000001
1.5,0.6587270000000001
1.6,0.6537069999999999
1.7,0.651407
1.8,0.642714
1.9,0.6383260000000001
2.0,0.600709
2.1,0.561787
2.2,0.451284
2.3,0.466742
2.4,0.354545
2.5,0.387185
2.6,0.178075
2.7,0.19981300000000002
2.8,0.274367
2.9,0.229212
3.0,0.306979
