temperature,results
0.5,0.6462939999999999
0.6,0.6320720000000001
0.7,0.610741
0.8,0.624046
0.9,0.586576
1.0,0.575984
1.1,0.579791
1.2,0.579957
1.3,0.534197
1.4,0.49849399999999994
1.5,0.485616
1.6,0.451325
1.7,0.34626399999999996
1.8,0.380772
1.9,0.399791
2.0,0.255657
2.1,0.257648
2.2,0.290115
2.3,0.219678
2.4,0.265203
2.5,0.283561
2.6,0.27467800000000003
2.7,0.277296
2.8,0.22737
2.9,0.29038
3.0,0.24683400000000003
