temperature,results
0.5,0.666667
0.6,0.666667
0.7,0.666667
0.8,0.665227
0.9,0.636748
1.0,0.618735
1.1,0.6665939999999999
1.2,0.6664640000000001
1.3,0.666621
1.4,0.666592
1.5,0.666539
1.6,0.666445
1.7,0.666273
1.8,0.665988
1.9,0.664855
2.0,0.6630189999999999
2.1,0.656198
2.2,0.643922
2.3,0.632478
2.4,0.5845739999999999
2.5,0.433447
2.6,0.340665
2.7,0.269411
2.8,0.30393400000000004
2.9,0.348001
3.0,0.23822800000000002
