temperature,results
0.5,0.511908
0.6,0.173713
0.7,0.16481700000000002
0.8,0.156038
0.9,0.279764
1.0,0.193403
1.1,0.276537
1.2,0.370402
1.3,0.40406
1.4,0.307976
1.5,0.42849899999999996
1.6,0.392621
1.7,0.60505
1.8,0.617931
1.9,0.5253909999999999
2.0,0.508836
2.1,0.478249
2.2,0.481993
2.3,0.258492
2.4,-0.11140699999999999
2.5,0.00705983
2.6,0.0359184
2.7,0.08148889999999999
2.8,-0.0227255
2.9,0.070595
3.0,0.0118965
