temperature,results
0.5,0.664253
0.6,0.663762
0.7,0.664724
0.8,0.66392
0.9,0.664752
1.0,0.662135
1.1,0.662838
1.2,0.658659
1.3,0.656487
1.4,0.648578
1.5,0.6450130000000001
1.6,0.640369
1.7,0.63084
1.8,0.574047
1.9,0.530133
2.0,0.45537
2.1,0.418562
2.2,0.337606
2.3,0.301724
2.4,0.259799
2.5,0.21838600000000002
2.6,0.301334
2.7,0.327789
2.8,0.289644
2.9,0.30588699999999996
3.0,0.24946300000000002
