temperature,results
0.5,0.666667
0.6,0.666667
0.7,0.523457
0.8,0.5395770000000001
0.9,0.5538029999999999
1.0,0.666664
1.1,0.666661
1.2,0.666655
1.3,0.666628
1.4,0.666608
1.5,0.666587
1.6,0.666573
1.7,0.666259
1.8,0.665505
1.9,0.666095
2.0,0.6652779999999999
2.1,0.659365
2.2,0.652243
2.3,0.635748
2.4,0.515484
2.5,0.344131
2.6,0.45794399999999996
2.7,0.397525
2.8,0.1402
2.9,0.054857
3.0,0.020040799999999998
