temperature,results
0.5,0.666667
0.6,0.666664
0.7,0.666655
0.8,0.657971
0.9,0.666612
1.0,0.666561
1.1,0.666496
1.2,0.666354
1.3,0.666155
1.4,0.665846
1.5,0.665357
1.6,0.663741
1.7,0.66173
1.8,0.658953
1.9,0.6461819999999999
2.0,0.643361
2.1,0.6248100000000001
2.2,0.620293
2.3,0.569176
2.4,0.532981
2.5,0.43736099999999994
2.6,0.37503600000000004
2.7,0.39056199999999996
2.8,0.24428200000000003
2.9,0.266604
3.0,0.25902600000000003
