temperature,results
0.5,0.31747
0.6,0.531493
0.7,0.359572
0.8,0.524469
0.9,0.363296
1.0,0.34423000000000004
1.1,0.455603
1.2,0.44201599999999996
1.3,0.338264
1.4,0.369757
1.5,0.462959
1.6,0.565553
1.7,0.50463
1.8,0.279565
1.9,0.15271400000000002
2.0,0.0264658
2.1,0.030539
2.2,-0.08730039999999999
2.3,0.06570880000000001
2.4,0.0665185
2.5,-0.014405000000000001
2.6,0.100475
2.7,0.020528
2.8,-0.021953599999999997
2.9,0.00518512
3.0,0.0174668
