temperature,results
0.5,0.486159
0.6,0.512738
0.7,0.31896599999999997
0.8,0.3343
0.9,0.38104899999999997
1.0,0.516234
1.1,0.496076
1.2,0.554381
1.3,0.5945159999999999
1.4,0.573923
1.5,0.575812
1.6,0.48839399999999994
1.7,0.481579
1.8,0.428295
1.9,0.427011
2.0,0.244432
2.1,0.0590076
2.2,-0.0671669
2.3,0.0704515
2.4,0.0470903
2.5,-0.018987599999999997
2.6,-0.0130321
2.7,-0.0684738
2.8,-0.000349594
2.9,0.00857933
3.0,-0.0295836
