temperature,results
0.5,0.48892399999999997
0.6,-0.37335
0.7,0.558867
0.8,-0.386343
0.9,0.0122889
1.0,0.641035
1.1,0.608194
1.2,0.649941
1.3,0.621212
1.4,0.6239640000000001
1.5,0.594562
1.6,0.5240819999999999
1.7,0.501717
1.8,0.427225
1.9,0.47011499999999995
2.0,0.416159
2.1,0.40702699999999997
2.2,0.132055
2.3,0.116031
2.4,0.156184
2.5,-0.000327333
2.6,0.07292660000000001
2.7,0.062100300000000004
2.8,0.0359663
2.9,0.0139618
3.0,-0.00965295
