temperature,results
0.5,0.666667
0.6,0.666667
0.7,0.537752
0.8,0.5245310000000001
0.9,0.666666
1.0,0.666665
1.1,0.666663
1.2,0.666661
1.3,0.666656
1.4,0.666647
1.5,0.666618
1.6,0.666607
1.7,0.6657310000000001
1.8,0.6646989999999999
1.9,0.666279
2.0,0.664838
2.1,0.662095
2.2,0.6556810000000001
2.3,0.643617
2.4,0.5299189999999999
2.5,0.261789
2.6,0.309994
2.7,0.199189
2.8,0.0642769
2.9,-0.087461
3.0,-0.0321691
