temperature,results
0.5,0.645887
0.6,0.664324
0.7,0.666492
0.8,0.666446
0.9,0.666354
1.0,0.666259
1.1,0.6661199999999999
1.2,0.6658270000000001
1.3,0.665303
1.4,0.663806
1.5,0.660805
1.6,0.656927
1.7,0.65142
1.8,0.641994
1.9,0.641396
2.0,0.623693
2.1,0.60316
2.2,0.558327
2.3,0.515306
2.4,0.44838900000000004
2.5,0.32777399999999995
2.6,0.393782
2.7,0.21602600000000002
2.8,0.242993
2.9,0.17515799999999998
3.0,0.2354
