temperature,results
0.5,0.6666300000000001
0.6,0.567828
0.7,0.590218
0.8,0.6657850000000001
0.9,0.666639
1.0,0.66662
1.1,0.6665840000000001
1.2,0.666553
1.3,0.666478
1.4,0.666387
1.5,0.66618
1.6,0.665222
1.7,0.66447
1.8,0.662062
1.9,0.652019
2.0,0.64777
2.1,0.639545
2.2,0.583753
2.3,0.464183
2.4,0.322048
2.5,0.33068000000000003
2.6,0.275346
2.7,0.325709
2.8,0.26984600000000003
2.9,0.22103299999999998
3.0,0.210792
