temperature,results
0.5,1.0
0.6,0.997978
0.7,1.0
0.8,0.9998600000000001
0.9,0.9996200000000001
1.0,0.9992
1.1,0.9985799999999999
1.2,0.9976
1.3,0.9954
1.4,0.9925200000000001
1.5,0.98782
1.6,0.98056
1.7,0.9718200000000001
1.8,0.9591200000000001
1.9,0.942525
2.0,0.914898
2.1,0.883516
2.2,0.8323290000000001
2.3,0.768935
2.4,0.677864
2.5,0.5138520000000001
2.6,0.356444
2.7,0.2762
2.8,0.195364
2.9,0.158129
3.0,0.14066700000000001
