temperature,results
0.5,0.29081
0.6,0.360646
0.7,0.398381
0.8,0.402433
0.9,0.429333
1.0,0.40913
1.1,0.46567299999999995
1.2,0.43871099999999996
1.3,0.456283
1.4,0.42705600000000005
1.5,0.38099099999999997
1.6,0.356898
1.7,0.297025
1.8,0.253301
1.9,0.199903
2.0,0.142959
2.1,0.11008399999999999
2.2,0.087545
2.3,0.0641562
2.4,0.0566013
2.5,0.0388976
2.6,0.0366536
2.7,0.030936900000000003
2.8,0.0326712
2.9,0.025805599999999998
3.0,0.0227816
