temperature,results
0.5,0.31958600000000004
0.6,0.34785900000000003
0.7,0.270556
0.8,0.280455
0.9,0.329137
1.0,0.381348
1.1,0.387489
1.2,0.431475
1.3,0.407296
1.4,0.39279200000000003
1.5,0.334879
1.6,0.28342399999999995
1.7,0.226144
1.8,0.162212
1.9,0.124333
2.0,0.0844138
2.1,0.0686944
2.2,0.04926130000000001
2.3,0.0489673
2.4,0.045296300000000005
2.5,0.033602099999999996
2.6,0.025757599999999995
2.7,0.0262745
2.8,0.026646499999999997
2.9,0.0243403
3.0,0.025981099999999997
