temperature,results
0.5,1.0
0.6,0.9999969999999999
0.7,0.729522
0.8,0.749536
0.9,0.771216
1.0,0.999265
1.1,0.9971620000000001
1.2,0.9970559999999999
1.3,0.994743
1.4,0.990864
1.5,0.984044
1.6,0.979728
1.7,0.969339
1.8,0.953976
1.9,0.936183
2.0,0.9093110000000001
2.1,0.865624
2.2,0.800037
2.3,0.687149
2.4,0.393365
2.5,0.263651
2.6,0.134247
2.7,0.0860539
2.8,0.0829658
2.9,0.0580457
3.0,0.0444444
