temperature,results
0.5,0.655927
0.6,0.9885639999999999
0.7,0.9901690000000001
0.8,0.9874350000000001
0.9,0.988454
1.0,0.98241
1.1,0.980856
1.2,0.977117
1.3,0.9705299999999999
1.4,0.96539
1.5,0.954199
1.6,0.939098
1.7,0.924393
1.8,0.89587
1.9,0.860533
2.0,0.802999
2.1,0.7050529999999999
2.2,0.552953
2.3,0.304269
2.4,0.16802899999999998
2.5,0.127467
2.6,0.0895556
2.7,0.056196800000000005
2.8,0.0569249
2.9,0.0421806
3.0,0.0324575
