temperature,results
0.5,0.329665
0.6,0.21418099999999998
0.7,0.290394
0.8,0.245612
0.9,0.28728000000000004
1.0,0.31552600000000003
1.1,0.302804
1.2,0.33103
1.3,0.350585
1.4,0.354496
1.5,0.372138
1.6,0.30378299999999997
1.7,0.435342
1.8,0.302724
1.9,0.21273000000000003
2.0,0.13726300000000002
2.1,0.0815592
2.2,0.0829213
2.3,0.0551321
2.4,0.0388278
2.5,0.03316330000000001
2.6,0.0279504
2.7,0.0263432
2.8,0.018988400000000002
2.9,0.0224912
3.0,0.0195647
