temperature,results
0.5,0.999733
0.6,0.77658
0.7,0.8026800000000001
0.8,0.81282
0.9,0.9937040000000001
1.0,0.9895280000000001
1.1,0.9828819999999999
1.2,0.974426
1.3,0.96534
1.4,0.9517200000000001
1.5,0.93276
1.6,0.9112120000000001
1.7,0.8830319999999999
1.8,0.8463719999999999
1.9,0.7925
2.0,0.699926
2.1,0.552148
2.2,0.44721700000000003
2.3,0.359529
2.4,0.2521
2.5,0.18864
2.6,0.175333
2.7,0.135667
2.8,0.11721199999999998
2.9,0.101704
3.0,0.0965217
