temperature,results
0.5,0.5617449999999999
0.6,0.5899949999999999
0.7,0.8603120000000001
0.8,0.9577399999999999
0.9,0.9556889999999999
1.0,0.9536309999999999
1.1,0.945314
1.2,0.9341860000000001
1.3,0.923644
1.4,0.902802
1.5,0.881343
1.6,0.846844
1.7,0.800968
1.8,0.7337819999999999
1.9,0.628287
2.0,0.451241
2.1,0.310167
2.2,0.194684
2.3,0.139929
2.4,0.101788
2.5,0.08343099999999999
2.6,0.06875679999999999
2.7,0.0667576
2.8,0.0493611
2.9,0.049
3.0,0.043108099999999996
