temperature,results
0.5,0.253583
0.6,0.27576
0.7,0.289344
0.8,0.29318299999999997
0.9,0.325067
1.0,0.33810100000000004
1.1,0.340231
1.2,0.278989
1.3,0.408571
1.4,0.25908200000000003
1.5,0.361744
1.6,0.318432
1.7,0.221673
1.8,0.153375
1.9,0.11842000000000001
2.0,0.10306900000000001
2.1,0.0659697
2.2,0.0508092
2.3,0.03670109999999999
2.4,0.030838900000000002
2.5,0.024939
2.6,0.024505000000000002
2.7,0.0202245
2.8,0.0184707
2.9,0.0171866
3.0,0.0173794
