temperature,results
0.5,0.999724
0.6,0.797545
0.7,0.83714
0.8,0.9977469999999999
0.9,0.9968549999999999
1.0,0.993482
1.1,0.991707
1.2,0.9876290000000001
1.3,0.980979
1.4,0.9746290000000001
1.5,0.9647549999999999
1.6,0.9508989999999999
1.7,0.9328200000000001
1.8,0.9059299999999999
1.9,0.86461
2.0,0.815392
2.1,0.730924
2.2,0.586244
2.3,0.3785
2.4,0.210286
2.5,0.165792
2.6,0.126441
2.7,0.0720192
2.8,0.0728429
2.9,0.0616429
3.0,0.0540909
