temperature,results
0.5,0.9609559999999999
0.6,0.9607370000000001
0.7,0.958609
0.8,0.953937
0.9,0.9470299999999999
1.0,0.937184
1.1,0.9251719999999999
1.2,0.908586
1.3,0.8908799999999999
1.4,0.8620610000000001
1.5,0.8286040000000001
1.6,0.7902819999999999
1.7,0.738069
1.8,0.631854
1.9,0.49263999999999997
2.0,0.33871399999999996
2.1,0.285273
2.2,0.23133299999999998
2.3,0.142769
2.4,0.152
2.5,0.133889
2.6,0.110909
2.7,0.1074
2.8,0.0848095
2.9,0.086
3.0,0.0824706
