temperature,results
0.5,0.46341800000000005
0.6,0.468393
0.7,0.477724
0.8,0.47767600000000005
0.9,0.487824
1.0,0.47245200000000004
1.1,0.4868
1.2,0.463111
1.3,0.43700000000000006
1.4,0.37694099999999997
1.5,0.297086
1.6,0.272435
1.7,0.186526
1.8,0.174786
1.9,0.136167
2.0,0.125636
2.1,0.11651900000000001
2.2,0.09087999999999999
2.3,0.104235
2.4,0.0658462
2.5,0.07147619999999999
2.6,0.0778095
2.7,0.063625
2.8,0.0702424
2.9,0.055375
3.0,0.0536471
