temperature,results
0.5,0.9345
0.6,0.98256
0.7,0.9892200000000001
0.8,0.98754
0.9,0.98454
1.0,0.9817
1.1,0.9785
1.2,0.9731200000000001
1.3,0.9652
1.4,0.95324
1.5,0.9389
1.6,0.9151600000000001
1.7,0.8924290000000001
1.8,0.8606379999999999
1.9,0.8205479999999999
2.0,0.761699
2.1,0.689098
2.2,0.49647600000000003
2.3,0.43845500000000004
2.4,0.322154
2.5,0.224286
2.6,0.1665
2.7,0.155368
2.8,0.126357
2.9,0.11541199999999999
3.0,0.1179
