temperature,results
0.5,0.9999959999999999
0.6,0.9999979999999999
0.7,0.743715
0.8,0.728506
0.9,0.999735
1.0,0.999223
1.1,0.998368
1.2,0.997092
1.3,0.9947299999999999
1.4,0.991196
1.5,0.9861049999999999
1.6,0.9794450000000001
1.7,0.969341
1.8,0.953644
1.9,0.937579
2.0,0.906684
2.1,0.8658959999999999
2.2,0.793383
2.3,0.64298
2.4,0.340042
2.5,0.17369600000000002
2.6,0.08064349999999999
2.7,0.05906
2.8,0.0470219
2.9,0.0407083
3.0,0.026576299999999997
