temperature,results
0.5,0.278776
0.6,0.302584
0.7,0.331669
0.8,0.33912
0.9,0.401044
1.0,0.40566199999999997
1.1,0.407316
1.2,0.433284
1.3,0.415911
1.4,0.6501399999999999
1.5,0.647563
1.6,0.5846210000000001
1.7,0.514551
1.8,0.369532
1.9,0.265378
2.0,0.185096
2.1,0.153141
2.2,0.09637860000000001
2.3,0.0622346
2.4,0.0620337
2.5,0.0476835
2.6,0.039259300000000004
2.7,0.033123900000000005
2.8,0.027774
2.9,0.0303012
3.0,0.022608700000000002
