temperature,results
0.5,0.398491
0.6,0.451004
0.7,0.498964
0.8,0.522536
0.9,0.5335310000000001
1.0,0.567789
1.1,0.95214
1.2,0.9456049999999999
1.3,0.9353959999999999
1.4,0.936517
1.5,0.919676
1.6,0.8981950000000001
1.7,0.8646799999999999
1.8,0.806787
1.9,0.7290000000000001
2.0,0.580444
2.1,0.31959699999999996
2.2,0.19737000000000002
2.3,0.151239
2.4,0.09098660000000001
2.5,0.076
2.6,0.0621751
2.7,0.0389402
2.8,0.0353453
2.9,0.0386759
3.0,0.0328241
