temperature,results
0.5,0.18145799999999998
0.6,0.23952800000000002
0.7,0.22914600000000002
0.8,0.26102800000000004
0.9,0.260963
1.0,0.259552
1.1,0.267206
1.2,0.26205700000000004
1.3,0.240896
1.4,0.235019
1.5,0.209573
1.6,0.149633
1.7,0.119281
1.8,0.0983659
1.9,0.085787
2.0,0.0596818
2.1,0.0414194
2.2,0.03335490000000001
2.3,0.0342774
2.4,0.0244018
2.5,0.022835400000000002
2.6,0.0191333
2.7,0.0179795
2.8,0.015489900000000001
2.9,0.018088099999999996
3.0,0.0153162
