temperature,results
0.5,0.262275
0.6,0.297293
0.7,0.295267
0.8,0.335875
0.9,0.39631700000000003
1.0,0.38679600000000003
1.1,0.413691
1.2,0.47798999999999997
1.3,0.5187229999999999
1.4,0.44864899999999996
1.5,0.6949609999999999
1.6,0.668384
1.7,0.706116
1.8,0.626922
1.9,0.4668
2.0,0.302954
2.1,0.194856
2.2,0.10825699999999999
2.3,0.09557610000000001
2.4,0.0651806
2.5,0.046131599999999995
2.6,0.041114599999999994
2.7,0.032449
2.8,0.0255818
2.9,0.0231488
3.0,0.024759599999999996
