temperature,results
0.5,0.273865
0.6,0.29225
0.7,0.476289
0.8,0.31886
0.9,0.489175
1.0,0.577042
1.1,0.580446
1.2,0.622
1.3,0.577547
1.4,0.573394
1.5,0.4629
1.6,0.41818500000000003
1.7,0.31886
1.8,0.26404
1.9,0.19332
2.0,0.13675
2.1,0.110672
2.2,0.07451920000000001
2.3,0.0538421
2.4,0.0590625
2.5,0.05075
2.6,0.0361579
2.7,0.041766000000000005
2.8,0.034154500000000004
2.9,0.034
3.0,0.033514300000000004
