temperature,results
0.5,0.351016
0.6,0.388479
0.7,0.402385
0.8,0.478634
0.9,0.596371
1.0,0.548589
1.1,0.5359729999999999
1.2,0.9402809999999999
1.3,0.831404
1.4,0.937125
1.5,0.91065
1.6,0.900955
1.7,0.878877
1.8,0.8426469999999999
1.9,0.772103
2.0,0.6204310000000001
2.1,0.38709
2.2,0.18344100000000002
2.3,0.124129
2.4,0.0936757
2.5,0.0624669
2.6,0.041549199999999994
2.7,0.039875
2.8,0.0304392
2.9,0.02976
3.0,0.022888400000000003
