temperature,results
0.5,0.8710370000000001
0.6,0.8660709999999999
0.7,0.8618120000000001
0.8,0.8514809999999999
0.9,0.8477110000000001
1.0,0.838593
1.1,0.825095
1.2,0.801395
1.3,0.7721319999999999
1.4,0.723367
1.5,0.694738
1.6,0.6336430000000001
1.7,0.57995
1.8,0.499259
1.9,0.409091
2.0,0.338095
2.1,0.2615
2.2,0.22282399999999997
2.3,0.15554500000000002
2.4,0.135444
2.5,0.118645
2.6,0.10613299999999999
2.7,0.111652
2.8,0.103394
2.9,0.0798571
3.0,0.0741053
