temperature,results
0.5,0.320758
0.6,0.348813
0.7,0.42680200000000007
0.8,0.46105100000000004
0.9,0.517256
1.0,0.549804
1.1,0.826933
1.2,0.888558
1.3,0.9057620000000001
1.4,0.875649
1.5,0.8599620000000001
1.6,0.8237
1.7,0.763314
1.8,0.678772
1.9,0.528032
2.0,0.346976
2.1,0.195353
2.2,0.14400000000000002
2.3,0.101826
2.4,0.0716605
2.5,0.0586741
2.6,0.0462585
2.7,0.043285699999999996
2.8,0.036117199999999995
2.9,0.0315062
3.0,0.0292889
