temperature,results
0.5,1.0
0.6,0.9999120000000001
0.7,0.9995370000000001
0.8,0.97498
0.9,0.9979
1.0,0.9963799999999999
1.1,0.9940000000000001
1.2,0.99056
1.3,0.9857799999999999
1.4,0.9791200000000001
1.5,0.97072
1.6,0.95788
1.7,0.94258
1.8,0.9204899999999999
1.9,0.8949889999999999
2.0,0.854348
2.1,0.7992630000000001
2.2,0.72936
2.3,0.5920000000000001
2.4,0.454941
2.5,0.327852
2.6,0.24325
2.7,0.185684
2.8,0.134857
2.9,0.1232
3.0,0.101438
