temperature,results
0.5,0.471442
0.6,0.496313
0.7,0.62257
0.8,0.620046
0.9,0.979925
1.0,0.9849700000000001
1.1,0.980533
1.2,0.9821340000000001
1.3,0.9764120000000001
1.4,0.9705600000000001
1.5,0.960046
1.6,0.946443
1.7,0.9331020000000001
1.8,0.908056
1.9,0.875602
2.0,0.8105020000000001
2.1,0.718627
2.2,0.471875
2.3,0.248243
2.4,0.11577
2.5,0.0916587
2.6,0.054255
2.7,0.0445026
2.8,0.038970199999999997
2.9,0.0301383
3.0,0.02743
