temperature,results
0.5,0.32319499999999995
0.6,0.339235
0.7,0.35864
0.8,0.374035
0.9,0.40052
1.0,0.601875
1.1,0.631143
1.2,0.655391
1.3,0.642625
1.4,0.5639569999999999
1.5,0.557833
1.6,0.47816099999999995
1.7,0.39175
1.8,0.30495700000000003
1.9,0.23466700000000001
2.0,0.169396
2.1,0.126019
2.2,0.0837424
2.3,0.0776296
2.4,0.0643472
2.5,0.05761759999999999
2.6,0.0517727
2.7,0.0408194
2.8,0.038561
2.9,0.0372121
3.0,0.0313043
