temperature,results
0.5,1.0
0.6,1.0
0.7,0.99998
0.8,0.997811
0.9,0.92665
1.0,0.8844700000000001
1.1,0.9980870000000001
1.2,0.9963629999999999
1.3,0.994717
1.4,0.990284
1.5,0.986807
1.6,0.9799180000000001
1.7,0.9703
1.8,0.958091
1.9,0.939025
2.0,0.9121549999999999
2.1,0.8684299999999999
2.2,0.806346
2.3,0.7102890000000001
2.4,0.558013
2.5,0.324474
2.6,0.20810700000000001
2.7,0.150654
2.8,0.101619
2.9,0.081
3.0,0.07267739999999999
