temperature,results
0.5,0.43778999999999996
0.6,0.49568999999999996
0.7,0.7493
0.8,0.9224190000000001
0.9,0.910359
1.0,0.9229999999999999
1.1,0.912957
1.2,0.9012469999999999
1.3,0.8779530000000001
1.4,0.858532
1.5,0.8218559999999999
1.6,0.7740560000000001
1.7,0.683597
1.8,0.5657439999999999
1.9,0.436704
2.0,0.285763
2.1,0.189522
2.2,0.134365
2.3,0.08964580000000001
2.4,0.07779630000000001
2.5,0.06601560000000001
2.6,0.053825599999999994
2.7,0.0480116
2.8,0.0446304
2.9,0.0450946
3.0,0.0438194
