temperature,results
0.5,0.971598
0.6,0.9661040000000001
0.7,0.974291
0.8,0.9764010000000001
0.9,0.9710700000000001
1.0,0.966299
1.1,0.962628
1.2,0.954835
1.3,0.9449780000000001
1.4,0.932314
1.5,0.915309
1.6,0.89394
1.7,0.860809
1.8,0.822577
1.9,0.76215
2.0,0.675117
2.1,0.536571
2.2,0.371735
2.3,0.252
2.4,0.159583
2.5,0.126156
2.6,0.07379630000000001
2.7,0.0695135
2.8,0.0635893
2.9,0.0528293
3.0,0.051
