temperature,results
1.8,0.664664
1.9,0.6616529999999999
2.0,0.655734
2.1,0.6507539999999999
2.2,0.6256550000000001
2.3,0.6042770000000001
2.4,0.566921
2.5,0.535525
2.6,0.41661400000000004
2.7,0.434133
2.8,0.373627
2.9,0.21789499999999998
