avg_mag,avg_mag2,avg_mag4,chi0_re,chi0_im,chiq_re,chiq_im
0.9312,0.872013,0.773271,1,0,1,0
0.94336,0.891981,0.802589,1.06,0,0.971574,0.0189005
0.94768,0.900317,0.818169,1.3,0,0.98809,-0.0702034
0.93584,0.879139,0.783566,1.02,0,1.00692,-0.0187649
0.93792,0.882035,0.785789,1.06,0,1.02897,0.000927935
0.94096,0.888605,0.79999,1.06,0,0.957957,0.0392111
0.93936,0.885315,0.793227,1.2,0,0.990784,-0.070487
0.93328,0.874141,0.774,1.06,0,1.00973,0.0542703
0.93504,0.881798,0.795078,1.02,0,0.991916,0.0182933
0.94496,0.894848,0.807186,1.12,0,1.01884,-0.0395842
0.9416,0.889264,0.799633,1,0,1,0
0.93024,0.868966,0.766251,1.04,0,0.968877,0.00734377
0.93312,0.873715,0.772852,1,0,1,0
0.93712,0.880618,0.783471,1,0,1,0
0.92816,0.869226,0.77229,1,0,1,0
0.94576,0.897328,0.814617,1.12,0,1.05504,0.0519738
0.93808,0.88408,0.79458,1.02,0,0.98109,0.00651239
0.94464,0.894912,0.809148,1.1,0,0.961445,-0.0100042
0.93392,0.877885,0.785251,1.02,0,0.991916,0.0182933
0.93456,0.877219,0.781203,1.02,0,1.01356,0.0146968
0.94464,0.894848,0.809085,1.08,0,0.988359,0.0153137
0.93376,0.876378,0.781421,1.02,0,1.01618,0.0117557
0.9464,0.898518,0.81632,1.02,0,1.0033,0.0197256
0.94448,0.894544,0.808158,1.14,0,0.982311,0.0162095
0.93536,0.878829,0.78442,1.02,0,0.987198,0.0153657
0.93824,0.883136,0.789084,1,0,1,0
0.93792,0.882323,0.787266,1,0,1,0
0.94208,0.890573,0.802644,1.32,0,1.01628,-0.0461441
0.93696,0.882778,0.793191,1.06,0,1.0114,0.0497746
0.92544,0.864557,0.766087,1,0,1,0
0.93264,0.873174,0.772715,1.02,0,0.98,2.44929e-18
0.94384,0.893002,0.804723,1.2,0,0.929622,0.0745694
0.93904,0.885962,0.796581,1.06,0,1.00033,0.00380102
0.93168,0.872554,0.775052,1.02,0,1.01618,0.0117557
0.92496,0.862813,0.762528,1.02,0,1.01618,0.0117557
0.94272,0.890586,0.799437,1.02,0,0.987198,0.0153657
0.94224,0.89103,0.804135,1.04,0,1.02005,-0.0078655
0.94064,0.89016,0.805348,1.06,0,0.976258,-0.0142427
0.93408,0.877811,0.785021,1.02,0,1.01618,0.0117557
0.93248,0.873555,0.775433,1,0,1,0
0.94608,0.897526,0.813343,1.16,0,0.920565,0.0448187
0.94016,0.887206,0.797836,1.2,0,0.96536,0.119895
0.94,0.886339,0.794592,1.12,0,0.926948,-0.00815752
0.94272,0.892339,0.807361,1.1,0,0.987585,0.0460519
0.93168,0.875293,0.784431,1,0,1,0
0.94272,0.890797,0.80057,1.12,0,0.943284,-0.00670306
0.9416,0.889603,0.801264,1.14,0,0.969758,-0.0746638
0.9432,0.892688,0.806181,1.06,0,0.995308,-0.0201032
0.93744,0.881859,0.787603,1.02,0,0.987282,-0.0154353
0.936,0.881069,0.7911,1,0,1,0
