avg_mag,avg_mag2,avg_mag4,chi0_re,chi0_im,chiq_re,chiq_im
0.8765,0.78059,0.640321,1.54,0,1.0353,0.151493
0.881,0.78414,0.636976,1.72,0,1.16347,-0.0572519
0.8895,0.80437,0.67727,2.72,0,0.89342,-0.152178
0.888375,0.798368,0.659043,1,0,1,0
0.858,0.74726,0.585744,1.52,0,0.987876,0.0985657
0.895,0.81142,0.685521,2.22,0,0.602581,0.254679
0.886,0.79516,0.659524,1.86,0,1.11966,-0.108481
0.9215,0.85295,0.739337,4.18,0,0.377062,0.385753
0.8955,0.80787,0.669559,2.02,0,0.939104,0.433986
0.897,0.81072,0.67393,2.62,0,0.574578,-0.176202
0.8745,0.77481,0.627692,1,0,1,0
0.891,0.8012,0.662783,2.46,0,0.785617,0.137068
0.8655,0.76113,0.610894,1.34,0,0.987727,0.148464
0.88,0.785,0.644355,1.52,0,1.00795,-0.0317344
0.870125,0.772378,0.63018,1,0,1,0
0.875,0.77426,0.623164,1.34,0,1.09898,-0.0917739
0.896,0.81004,0.67683,2.8,0,0.739548,-0.0654412
0.87925,0.786965,0.65181,1,0,1,0
0.8595,0.74719,0.579834,1.3,0,0.9088,-0.0196136
0.879,0.78312,0.641883,1.72,0,1.01566,0.324754
0.893,0.805295,0.669154,1,0,1,0
0.851,0.7354,0.569143,1.08,0,1.03518,0.0243222
0.866,0.7645,0.618627,1.44,0,0.955062,0.109803
0.155953,0.771648,0.628894,1,0,1,0
0.88,0.78076,0.627738,1.9,0,0.902148,0.159345
0.8815,0.78429,0.635937,2.06,0,0.63399,0.175222
0.8655,0.78097,0.642917,2.18,0,1.04539,0.126156
0.87575,0.780135,0.637775,1,0,1,0
0.897,0.8122,0.680051,2.18,0,1.05542,0.23508
0.864,0.76038,0.612945,1.22,0,1.10779,0.0853299
0.883812,0.794081,0.658213,1,0,1,0
0.877,0.78492,0.646432,2.06,0,0.883529,0.151801
0.9105,0.83221,0.702492,3.6,0,0.342346,0.252797
0.86175,0.761665,0.612601,1,0,1,0
0.881,0.78484,0.640371,1.92,0,0.97626,0.0343451
0.89,0.8005,0.662663,2.2,0,0.900064,-0.0752112
0.867,0.77284,0.637297,1.56,0,0.985753,0.225734
0.0493125,0.776086,0.632878,1,0,1,0
0.891,0.79902,0.653425,2.3,0,0.864094,-0.124637
0.8835,0.78845,0.643285,1.9,0,1.08034,0.317013
0.882,0.78894,0.649745,1,0,1,0
0.847,0.75508,0.625638,1.12,0,1.05199,0.0587738
0.8735,0.77372,0.626177,1,0,1,0
0.881,0.78262,0.630686,2.18,0,0.631847,0.329347
0.8595,0.75195,0.597856,1.54,0,0.865518,0.173474
0.884,0.78804,0.6393,1.78,0,0.806487,0.0662724
0.867,0.76774,0.62798,1.42,0,0.941026,0.171936
0.8855,0.79012,0.641468,1,0,1,0
0.867,0.76014,0.600364,1.46,0,0.935645,-0.0815108
0.8965,0.80723,0.662515,2.4,0,0.617084,-0.0913618
