avg_mag,avg_mag2,avg_mag4,chi0_re,chi0_im,chiq_re,chiq_im
0.84725,0.733015,0.568876,1,0,1,0
0.128242,0.683271,0.51767,1,0,1,0
0.113438,0.680071,0.512346,1,0,1,0
0.0304844,0.692285,0.526369,1,0,1,0
0.78775,0.662075,0.495938,1,0,1,0
0.0910742,0.68358,0.517187,1,0,1,0
0.839,0.72054,0.551895,1,0,1,0
0.145617,0.680918,0.515249,1,0,1,0
0.843,0.72154,0.550205,1.32,0,1.14235,-0.0275195
0.107504,0.687348,0.522548,1,0,1,0
0.462375,0.710448,0.53365,1,0,1,0
0.0372383,0.689122,0.521011,1,0,1,0
0.0678047,0.685022,0.519073,1,0,1,0
0.8225,0.70509,0.545059,1.14,0,1.04466,0.0101379
0.168078,0.687312,0.52066,1,0,1,0
0.8005,0.66135,0.47989,1.04,0,0.986261,0.0301959
0.0113906,0.685042,0.519416,1,0,1,0
0.845,0.72882,0.564417,1.32,0,0.949124,0.113736
0.82175,0.718565,0.553255,1,0,1,0
0.256152,0.681325,0.513884,1,0,1,0
0.854,0.7386,0.571901,1.26,0,1.09746,0.103672
0.0961094,0.68366,0.517054,1,0,1,0
0.82125,0.692835,0.517235,1,0,1,0
0.494313,0.682361,0.509786,1,0,1,0
0.785,0.66182,0.499031,1,0,1,0
0.04525,0.684446,0.516978,1,0,1,0
0.059168,0.689606,0.524357,1,0,1,0
0.0306406,0.682061,0.516078,1,0,1,0
0.77575,0.710485,0.561777,1.02,0,1.01618,0.0117557
0.82225,0.701305,0.541621,1,0,1,0
0.0920703,0.690561,0.524422,1,0,1,0
0.06925,0.694479,0.528212,1,0,1,0
0.0157109,0.687306,0.521213,1,0,1,0
0.0379062,0.685271,0.518731,1,0,1,0
0.099543,0.681324,0.513157,1,0,1,0
0.804,0.66974,0.496847,1.12,0,1.00419,0.0742851
0.0967695,0.689361,0.523617,1,0,1,0
0.0727422,0.687516,0.522262,1,0,1,0
0.838,0.7116,0.529273,1.24,0,1.05956,0.0521453
0.182371,0.6902,0.524382,1,0,1,0
0.829,0.6994,0.518192,1,0,1,0
0.156098,0.686269,0.518431,1,0,1,0
0.0362773,0.688192,0.521141,1,0,1,0
0.8195,0.69407,0.528268,1.14,0,1.03689,0.0445262
0.0124453,0.682282,0.515644,1,0,1,0
0.0853437,0.680194,0.507204,1,0,1,0
0.822,0.69742,0.528982,1.04,0,1.01948,0.00796992
0.798,0.67059,0.503787,1,0,1,0
0.150656,0.678532,0.511389,1,0,1,0
0.829,0.6987,0.51793,1.04,0,0.996219,0.0105122
