avg_mag,avg_mag2,avg_mag4,chi0_re,chi0_im,chiq_re,chiq_im
0.685,0.6038,0.41041,1.02,0,1.01618,0.0117557
0.000328125,0.575117,0.398277,1,0,1,0
0.0845117,0.581936,0.403522,1,0,1,0
0.00694531,0.584676,0.405296,1,0,1,0
0.0918516,0.578695,0.401666,1,0,1,0
0.141438,0.550806,0.375184,1,0,1,0
0.152641,0.587152,0.40897,1,0,1,0
0.7255,0.56653,0.37453,1,0,1,0
0.0132578,0.577619,0.39814,1,0,1,0
0.128574,0.578513,0.39858,1,0,1,0
0.0137813,0.577485,0.399947,1,0,1,0
0.00741016,0.579168,0.401792,1,0,1,0
0.0342852,0.58156,0.402596,1,0,1,0
0.0952422,0.574017,0.394592,1,0,1,0
0.352813,0.570566,0.391627,1,0,1,0
0.00904687,0.576894,0.397282,1,0,1,0
0.0841055,0.581791,0.40229,1,0,1,0
0.0201016,0.578401,0.399705,1,0,1,0
0.0400625,0.575811,0.396016,1,0,1,0
0.0336367,0.577639,0.399268,1,0,1,0
0.0398789,0.581245,0.405082,1,0,1,0
0.004875,0.577465,0.398041,1,0,1,0
0.0494766,0.579225,0.402286,1,0,1,0
0.0578203,0.574147,0.394979,1,0,1,0
0.757,0.60504,0.416094,1.02,0,1.01618,0.0117557
0.0372812,0.576025,0.396135,1,0,1,0
0.0468906,0.572991,0.394275,1,0,1,0
0.0283437,0.604437,0.426555,1,0,1,0
0.0249883,0.572571,0.394318,1,0,1,0
0.0818789,0.587075,0.408268,1,0,1,0
0.0412578,0.579697,0.401058,1,0,1,0
0.135777,0.578478,0.40008,1,0,1,0
0.0733945,0.576158,0.398708,1,0,1,0
0.106402,0.576513,0.396031,1,0,1,0
0.0952422,0.567273,0.389351,1,0,1,0
0.420969,0.588209,0.406444,1,0,1,0
0.0990859,0.582543,0.403893,1,0,1,0
0.742,0.63186,0.454998,1.08,0,1.03151,0.0242461
0.1005,0.569369,0.386604,1,0,1,0
0.0464922,0.583491,0.40499,1,0,1,0
0.0267773,0.574914,0.396165,1,0,1,0
0.014582,0.576767,0.39975,1,0,1,0
0.0259258,0.574061,0.395303,1,0,1,0
0.0775469,0.57422,0.402275,1,0,1,0
0.0178164,0.586149,0.406788,1,0,1,0
0.0649922,0.578835,0.401142,1,0,1,0
0.0595039,0.580322,0.400825,1,0,1,0
0.0968398,0.585537,0.405634,1,0,1,0
0.051957,0.571465,0.391727,1,0,1,0
0.00289063,0.576863,0.397282,1,0,1,0
