avg_mag,avg_mag2,avg_mag4,chi0_re,chi0_im,chiq_re,chiq_im
0.0132852,0.458506,0.28361,1,0,1,0
0.0636758,0.457063,0.281296,1,0,1,0
0.0749219,0.46578,0.289201,1,0,1,0
0.00458594,0.457285,0.281022,1,0,1,0
0.6435,0.51533,0.321501,1,0,1,0
0.000457031,0.461316,0.285079,1,0,1,0
0.0157266,0.46884,0.291509,1,0,1,0
0.0833125,0.447566,0.273092,1,0,1,0
0.0604414,0.468932,0.289869,1,0,1,0
0.0116602,0.465934,0.287933,1,0,1,0
0.00216797,0.462716,0.286525,1,0,1,0
0.0642383,0.463937,0.288067,1,0,1,0
0.172375,0.454473,0.276851,1,0,1,0
0.159,0.49998,0.316124,1,0,1,0
0.0296953,0.456665,0.280841,1,0,1,0
0.0303086,0.457165,0.280637,1,0,1,0
0.0346406,0.469571,0.291625,1,0,1,0
0.000296875,0.461235,0.286211,1,0,1,0
0.0224453,0.456628,0.28067,1,0,1,0
0.0336094,0.464017,0.287873,1,0,1,0
0.0101992,0.466996,0.290235,1,0,1,0
0.0239727,0.469374,0.291693,1,0,1,0
0.147,0.3575,0.187768,1,0,1,0
0.0160898,0.45877,0.28352,1,0,1,0
0.0111836,0.463531,0.28773,1,0,1,0
0.013832,0.453172,0.277902,1,0,1,0
0.00426172,0.463785,0.285513,1,0,1,0
0.0950938,0.4746,0.29799,1,0,1,0
0.6165,0.45419,0.272625,1,0,1,0
0.0278047,0.473126,0.295724,1,0,1,0
0.36725,0.385885,0.227817,1,0,1,0
0.012918,0.473886,0.294746,1,0,1,0
0.0374727,0.459092,0.282651,1,0,1,0
0.200563,0.469181,0.296763,1,0,1,0
0.0458555,0.456482,0.281981,1,0,1,0
0.0583086,0.461168,0.28441,1,0,1,0
0.0707383,0.468266,0.291119,1,0,1,0
0.055125,0.436405,0.261562,1,0,1,0
0.0170547,0.459863,0.282946,1,0,1,0
0.0130352,0.460225,0.282037,1,0,1,0
0.00446875,0.464758,0.28921,1,0,1,0
0.0243398,0.463495,0.286272,1,0,1,0
0.0653125,0.462821,0.287851,1,0,1,0
0.4425,0.46243,0.287138,1,0,1,0
0.00338672,0.458729,0.283337,1,0,1,0
0.0452734,0.464318,0.286743,1,0,1,0
0.0145664,0.45936,0.283399,1,0,1,0
0.0883281,0.460117,0.286219,1,0,1,0
0.0510391,0.463053,0.285655,1,0,1,0
0.00190234,0.455741,0.280519,1,0,1,0
