avg_mag,avg_mag2,avg_mag4,chi0_re,chi0_im,chiq_re,chiq_im
0.0034375,0.351611,0.189814,1,0,1,0
0.00391406,0.352988,0.190245,1,0,1,0
0.0363438,0.358082,0.193096,1,0,1,0
0.00441797,0.3607,0.196477,1,0,1,0
0.114,0.38667,0.219059,1,0,1,0
0.0426289,0.359461,0.196112,1,0,1,0
0.00752734,0.352786,0.191669,1,0,1,0
0.186188,0.389074,0.214577,1,0,1,0
0.000902344,0.353183,0.191597,1,0,1,0
0.0285625,0.357012,0.194395,1,0,1,0
0.0234375,0.352786,0.190249,1,0,1,0
0.00473047,0.360123,0.195695,1,0,1,0
0.0205078,0.35004,0.187689,1,0,1,0
0.00340234,0.363325,0.197156,1,0,1,0
0.0162969,0.357161,0.19483,1,0,1,0
0.067125,0.399073,0.225964,1,0,1,0
0.0172852,0.347801,0.186508,1,0,1,0
0.0418438,0.35718,0.194884,1,0,1,0
0.0190781,0.359677,0.196295,1,0,1,0
0.34025,0.401695,0.23244,1,0,1,0
0.0719062,0.367571,0.20395,1,0,1,0
0.0131641,0.356534,0.194049,1,0,1,0
0.18575,0.366515,0.185486,1,0,1,0
0.0213633,0.353605,0.191002,1,0,1,0
0.00126172,0.346802,0.186887,1,0,1,0
0.00677734,0.352052,0.190595,1,0,1,0
0.0198125,0.354105,0.19185,1,0,1,0
0.00200391,0.350467,0.189954,1,0,1,0
0.0259766,0.364046,0.20065,1,0,1,0
0.15475,0.300335,0.15657,1,0,1,0
0.0212031,0.351698,0.188858,1,0,1,0
0.0153984,0.350872,0.190139,1,0,1,0
0.021375,0.354505,0.192559,1,0,1,0
0.0182891,0.350928,0.190073,1,0,1,0
0.0172969,0.356133,0.19298,1,0,1,0
0.0198359,0.353943,0.192429,1,0,1,0
0.269,0.33498,0.182786,1,0,1,0
0.00916406,0.348271,0.186028,1,0,1,0
0.00641016,0.355016,0.192189,1,0,1,0
0.00684766,0.35844,0.194844,1,0,1,0
0.113844,0.364799,0.196438,1,0,1,0
0.0582734,0.35899,0.195239,1,0,1,0
0.014457,0.352071,0.189259,1,0,1,0
0.0143437,0.352737,0.189977,1,0,1,0
0.0125,0.358803,0.194255,1,0,1,0
0.0268008,0.361173,0.195734,1,0,1,0
0.00421094,0.355444,0.192572,1,0,1,0
0.0283633,0.350225,0.188139,1,0,1,0
0.0245781,0.350691,0.189518,1,0,1,0
0.0277461,0.356764,0.193281,1,0,1,0
