avg_mag,avg_mag2,avg_mag4,chi0_re,chi0_im,chiq_re,chiq_im
0.00822784,0.27203,0.127949,1,0,1,0
0.0108281,0.269264,0.12692,1,0,1,0
0.0100547,0.27026,0.126382,1,0,1,0
0.00840234,0.265305,0.122987,1,0,1,0
0.081625,0.271313,0.134702,1,0,1,0
0.01025,0.268707,0.125404,1,0,1,0
0.00591406,0.267345,0.124082,1,0,1,0
0.0217266,0.270533,0.127545,1,0,1,0
0.0221953,0.271354,0.127865,1,0,1,0
2.73438e-05,0.275132,0.130782,1,0,1,0
0.0134453,0.269498,0.126974,1,0,1,0
0.0261406,0.270935,0.128109,1,0,1,0
0.13625,0.30152,0.152082,1,0,1,0
0.000148438,0.263347,0.123458,1,0,1,0
0.1195,0.29406,0.138432,1,0,1,0
0.00569531,0.270224,0.126947,1,0,1,0
0.0101172,0.269282,0.126841,1,0,1,0
0.0196172,0.269871,0.125708,1,0,1,0
0.0309687,0.268978,0.125867,1,0,1,0
0.0157148,0.274431,0.12944,1,0,1,0
0.0249297,0.264748,0.123441,1,0,1,0
0.0006875,0.275105,0.130351,1,0,1,0
0.015793,0.271464,0.128821,1,0,1,0
0.000367187,0.273008,0.12989,1,0,1,0
0.0202852,0.267689,0.125823,1,0,1,0
0.00575391,0.273966,0.129456,1,0,1,0
0.000140625,0.266584,0.125672,1,0,1,0
0.0176758,0.271119,0.127149,1,0,1,0
0.0157891,0.273819,0.129246,1,0,1,0
0.018082,0.272863,0.127937,1,0,1,0
0.012793,0.266288,0.123131,1,0,1,0
0.007125,0.27314,0.12944,1,0,1,0
0.017043,0.27204,0.1271,1,0,1,0
0.00393359,0.272086,0.128698,1,0,1,0
0.00564453,0.276962,0.132731,1,0,1,0
0.00791406,0.267196,0.123347,1,0,1,0
0.0197969,0.269797,0.126334,1,0,1,0
0.0104609,0.262268,0.121121,1,0,1,0
0.0355391,0.272941,0.129762,1,0,1,0
0.0004375,0.27177,0.128084,1,0,1,0
0.139312,0.266019,0.125044,1,0,1,0
0.0216875,0.278375,0.132646,1,0,1,0
0.00824609,0.267406,0.124649,1,0,1,0
0.101875,0.294623,0.145739,1,0,1,0
0.00828906,0.27154,0.126868,1,0,1,0
1.5625e-05,0.272418,0.127954,1,0,1,0
0.0178125,0.246526,0.113345,1,0,1,0
0.0127812,0.268947,0.125465,1,0,1,0
0.0194531,0.27023,0.127621,1,0,1,0
0.000164063,0.269908,0.126913,1,0,1,0
