avg_mag,avg_mag2,avg_mag4,chi0_re,chi0_im,chiq_re,chiq_im
0.00337109,0.214739,0.0880059,1,0,1,0
0.00212891,0.212416,0.0871976,1,0,1,0
0.0112812,0.204765,0.0821923,1,0,1,0
0.0065,0.210616,0.086336,1,0,1,0
0.00582031,0.209016,0.084803,1,0,1,0
0.062875,0.207662,0.0789765,1,0,1,0
0.00166406,0.208432,0.0848445,1,0,1,0
0.00525781,0.210988,0.0857983,1,0,1,0
0.13925,0.226835,0.0979985,1,0,1,0
0.000253906,0.210514,0.0853538,1,0,1,0
0.0289141,0.211961,0.0873752,1,0,1,0
0.00669922,0.208965,0.0839881,1,0,1,0
0.00357422,0.206713,0.0827164,1,0,1,0
0.00715625,0.210387,0.0863955,1,0,1,0
0.00140234,0.209133,0.0848611,1,0,1,0
0.00351953,0.213795,0.0887358,1,0,1,0
0.008875,0.204528,0.0823385,1,0,1,0
0.0153828,0.206042,0.0829791,1,0,1,0
0.00864453,0.209661,0.0847736,1,0,1,0
0.00351953,0.207854,0.0832769,1,0,1,0
0.0100156,0.206877,0.0820963,1,0,1,0
0.00235547,0.208245,0.0827417,1,0,1,0
0.0121602,0.210203,0.0849698,1,0,1,0
0.00923828,0.210666,0.0855685,1,0,1,0
0.00112109,0.208731,0.0841484,1,0,1,0
0.0146875,0.221439,0.0929413,1,0,1,0
0.00200781,0.208291,0.0843374,1,0,1,0
0.00916016,0.210529,0.0860251,1,0,1,0
0.0107813,0.209728,0.0849621,1,0,1,0
0.1045,0.19255,0.0896439,1,0,1,0
0.0166367,0.212298,0.0869838,1,0,1,0
0.0120273,0.21073,0.0860858,1,0,1,0
0.00675391,0.211802,0.0860352,1,0,1,0
0.00138281,0.206605,0.0845312,1,0,1,0
0.00258203,0.207834,0.0852128,1,0,1,0
0.0217344,0.207642,0.0839639,1,0,1,0
0.00464844,0.210287,0.0855436,1,0,1,0
0.030418,0.216294,0.0888522,1,0,1,0
0.00523437,0.218102,0.0902859,1,0,1,0
0.0169609,0.207297,0.0831691,1,0,1,0
0.00124609,0.20879,0.0851553,1,0,1,0
0.00639063,0.200309,0.0787481,1,0,1,0
0.052,0.198221,0.0755626,1,0,1,0
0.00107031,0.209448,0.0852447,1,0,1,0
0.07275,0.192635,0.0725657,1,0,1,0
0.0112695,0.214425,0.0871944,1,0,1,0
0.0236719,0.205864,0.0811358,1,0,1,0
0.0541563,0.205876,0.0828248,1,0,1,0
0.000828125,0.211918,0.0872041,1,0,1,0
0.0145391,0.206801,0.0838429,1,0,1,0
