avg_mag,avg_mag2,avg_mag4,chi0_re,chi0_im,chiq_re,chiq_im
0.0165156,0.170106,0.0598988,1,0,1,0
0.00771484,0.163865,0.058327,1,0,1,0
0.04825,0.151645,0.0511277,1,0,1,0
0.00485938,0.167325,0.059491,1,0,1,0
0.00654297,0.164099,0.056705,1,0,1,0
0.14375,0.201595,0.078153,1,0,1,0
0.00190234,0.168683,0.0601533,1,0,1,0
0.0029375,0.164701,0.0575059,1,0,1,0
0.00876953,0.167184,0.0584828,1,0,1,0
0.00241406,0.162912,0.0568553,1,0,1,0
0.00578516,0.168985,0.0593396,1,0,1,0
0.00127344,0.166488,0.0583782,1,0,1,0
0.000585938,0.16676,0.0585021,1,0,1,0
0.02775,0.162043,0.0541024,1,0,1,0
0.086,0.13096,0.043883,1,0,1,0
0.00731641,0.16647,0.0580942,1,0,1,0
0.0025625,0.16881,0.0600696,1,0,1,0
0.101,0.1733,0.0635086,1,0,1,0
0.00278906,0.162487,0.0558539,1,0,1,0
0.00475,0.152368,0.0494628,1,0,1,0
0.00613281,0.162267,0.0569804,1,0,1,0
0.00869531,0.163921,0.0574231,1,0,1,0
0.00602344,0.169029,0.0601901,1,0,1,0
0.03125,0.162553,0.0599364,1,0,1,0
0.00113672,0.17097,0.061756,1,0,1,0
0.00831641,0.16567,0.058134,1,0,1,0
0.0203125,0.165537,0.0584504,1,0,1,0
0.0245625,0.171416,0.0604593,1,0,1,0
0.023125,0.160854,0.0530622,1,0,1,0
0.0113438,0.168454,0.0591636,1,0,1,0
0.0162148,0.16499,0.0578788,1,0,1,0
0.00167578,0.165813,0.0584551,1,0,1,0
0.00398047,0.166936,0.0587951,1,0,1,0
0.0104102,0.160739,0.0573561,1,0,1,0
0.000980469,0.170108,0.0605721,1,0,1,0
0.00246484,0.166196,0.0585645,1,0,1,0
0.0105078,0.163687,0.0575721,1,0,1,0
0.00980859,0.165145,0.0579581,1,0,1,0
0.02675,0.155235,0.0494691,1,0,1,0
0.00621484,0.165099,0.0577765,1,0,1,0
0.00698047,0.168632,0.0588663,1,0,1,0
0.00286328,0.16675,0.0592875,1,0,1,0
0.00377344,0.168204,0.0590802,1,0,1,0
0.000722656,0.163774,0.0577556,1,0,1,0
0.0135391,0.166528,0.0582365,1,0,1,0
0.054375,0.143502,0.0441809,1,0,1,0
0.08725,0.177115,0.0648867,1,0,1,0
0.013207,0.165839,0.0569767,1,0,1,0
0.048,0.16427,0.0535888,1,0,1,0
0.00637891,0.164707,0.0566285,1,0,1,0
