avg_mag,avg_mag2,avg_mag4,chi0_re,chi0_im,chiq_re,chiq_im
0.00253516,0.139352,0.0435947,1,0,1,0
0.0126484,0.131616,0.0398275,1,0,1,0
0.000519531,0.135027,0.0409941,1,0,1,0
0.00663281,0.137521,0.0430624,1,0,1,0
0.00945312,0.134731,0.0417243,1,0,1,0
0.00266406,0.136578,0.0426303,1,0,1,0
0.00692969,0.131902,0.0393014,1,0,1,0
0.00926953,0.131569,0.0398345,1,0,1,0
0.00414453,0.13328,0.0396949,1,0,1,0
0.0120117,0.136476,0.0423293,1,0,1,0
0.0168398,0.133945,0.0412991,1,0,1,0
0.012293,0.134285,0.0405584,1,0,1,0
0.00861328,0.137778,0.041988,1,0,1,0
0.07175,0.124015,0.0318689,1,0,1,0
0.00512891,0.13454,0.0410222,1,0,1,0
0.00347656,0.135861,0.0418622,1,0,1,0
0.00994141,0.137362,0.0425903,1,0,1,0
0.000414062,0.137277,0.0421879,1,0,1,0
0.000664063,0.134372,0.041809,1,0,1,0
0.00804688,0.13667,0.0427269,1,0,1,0
0.0234063,0.126517,0.0381872,1,0,1,0
0.00323437,0.135552,0.0415829,1,0,1,0
0.00684375,0.132899,0.0400483,1,0,1,0
0.0122891,0.135667,0.0422101,1,0,1,0
0.00670312,0.135732,0.0420368,1,0,1,0
0.00227344,0.133758,0.0408942,1,0,1,0
0.00566016,0.133526,0.0399882,1,0,1,0
0.00928906,0.133936,0.0405101,1,0,1,0
0.00107031,0.136259,0.041305,1,0,1,0
0.0605,0.14659,0.0444139,1,0,1,0
0.0113867,0.137395,0.0432226,1,0,1,0
0.00774609,0.137702,0.0425339,1,0,1,0
0.00747266,0.134961,0.0410178,1,0,1,0
0.0165078,0.138704,0.0429114,1,0,1,0
0.00461719,0.133896,0.0404633,1,0,1,0
0.0135039,0.138095,0.0425414,1,0,1,0
0.028875,0.112127,0.029016,1,0,1,0
0.00389063,0.140857,0.0445474,1,0,1,0
0.00280469,0.136487,0.0424014,1,0,1,0
0.02,0.12663,0.0398831,1,0,1,0
0.00123047,0.136972,0.0427471,1,0,1,0
0.0191211,0.135202,0.0422777,1,0,1,0
0.04,0.126165,0.0383137,1,0,1,0
0.00319922,0.135474,0.0413563,1,0,1,0
0.002875,0.13453,0.0415674,1,0,1,0
0.0139336,0.132712,0.0402606,1,0,1,0
0.00641406,0.136725,0.0417423,1,0,1,0
0.1105,0.13783,0.0406424,1,0,1,0
0.00278906,0.135099,0.0420551,1,0,1,0
0.00685937,0.135635,0.0416429,1,0,1,0
