temperature,results
0.5,0.053174
0.6,0.0443767
0.7,0.0305875
0.8,0.022188
0.9,0.0238142
1.0,0.0233287
1.1,0.0187297
1.2,0.0240545
1.3,0.0236482
1.4,0.0241922
1.5,0.0262129
1.6,0.028121299999999995
1.7,0.040111
1.8,0.0469923
1.9,0.0678555
2.0,0.12032000000000001
2.1,0.23234200000000002
2.2,0.175832
2.3,0.122678
2.4,0.0897182
2.5,0.0759482
2.6,0.060254499999999996
2.7,0.05748009999999999
2.8,0.0479353
2.9,0.0429425
3.0,0.0390879
