temperature,results
0.5,0.041882199999999994
0.6,0.045448199999999994
0.7,0.0354317
0.8,0.032708600000000004
0.9,0.024772
1.0,0.0184848
1.1,0.0143988
1.2,0.013418799999999998
1.3,0.0086178
1.4,0.00828819
1.5,0.00799402
1.6,0.00681516
1.7,0.00489398
1.8,0.00360527
1.9,0.00498525
2.0,0.0207007
2.1,0.101107
2.2,0.41458900000000004
2.3,0.189324
2.4,0.109876
2.5,0.09745
2.6,0.07976319999999999
2.7,0.0667845
2.8,0.0593951
2.9,0.05369259999999999
3.0,0.0471325
