temperature,results
0.5,0.058084199999999996
0.6,0.0449206
0.7,0.0407778
0.8,0.0421568
0.9,0.0238395
1.0,0.025642500000000002
1.1,0.0152446
1.2,0.0159116
1.3,0.0128079
1.4,0.0128733
1.5,0.00927904
1.6,0.0126762
1.7,0.00723312
1.8,0.00409792
1.9,0.00398088
2.0,0.00943834
2.1,0.0356348
2.2,0.254486
2.3,0.12403299999999999
2.4,0.0690409
2.5,0.0531303
2.6,0.0405654
2.7,0.0371642
2.8,0.0354112
2.9,0.028798200000000003
3.0,0.025209099999999998
