temperature,results
0.5,0.193329
0.6,0.1919
0.7,0.214692
0.8,0.23719400000000002
0.9,0.22546599999999997
1.0,0.24857100000000001
1.1,0.215768
1.2,0.21281599999999998
1.3,0.253676
1.4,0.27487
1.5,0.273714
1.6,0.257037
1.7,0.21294200000000002
1.8,0.156906
1.9,0.121952
2.0,0.09110700000000001
2.1,0.0705086
2.2,0.0590875
2.3,0.0577932
2.4,0.0504195
2.5,0.042875199999999995
2.6,0.0418289
2.7,0.038037699999999994
2.8,0.0370449
2.9,0.0346445
3.0,0.0308349
