temperature,results
0.5,0.20577800000000002
0.6,0.162147
0.7,0.118405
0.8,0.08594439999999999
0.9,0.09299249999999999
1.0,0.030657099999999996
1.1,0.0339355
1.2,0.021222099999999997
1.3,0.019775400000000002
1.4,0.014163499999999999
1.5,0.019376499999999998
1.6,0.0267844
1.7,0.0924756
1.8,0.326824
1.9,0.247119
2.0,0.142557
2.1,0.10055800000000001
2.2,0.0739227
2.3,0.062013599999999995
2.4,0.0590005
2.5,0.048144
2.6,0.0442092
2.7,0.038654900000000006
2.8,0.0417487
2.9,0.0411326
3.0,0.0386642
