temperature,results
0.5,0.570317
0.6,0.693829
0.7,0.970614
0.8,1.07457
0.9,1.2307
1.0,1.07046
1.1,0.8749459999999999
1.2,0.6605270000000001
1.3,0.6009479999999999
1.4,0.390757
1.5,0.282725
1.6,0.28931799999999996
1.7,0.19107000000000002
1.8,0.18194100000000002
1.9,0.146926
2.0,0.13817000000000002
2.1,0.127692
2.2,0.120564
2.3,0.112527
2.4,0.0999462
2.5,0.0905559
2.6,0.0871337
2.7,0.08126799999999999
2.8,0.0754848
2.9,0.0834801
3.0,0.0706799
