temperature,results
0.5,0.08037910000000001
0.6,0.115541
0.7,0.14765899999999998
0.8,0.133645
0.9,0.168632
1.0,0.153399
1.1,0.18754500000000002
1.2,0.167221
1.3,0.21948
1.4,0.195588
1.5,0.176419
1.6,0.179319
1.7,0.150823
1.8,0.12182
1.9,0.0889968
2.0,0.062220500000000005
2.1,0.0441855
2.2,0.041230300000000004
2.3,0.0353111
2.4,0.030483799999999995
2.5,0.0275714
2.6,0.024884299999999998
2.7,0.023553599999999997
2.8,0.022216299999999998
2.9,0.022336500000000002
3.0,0.0184743
