temperature,results
0.5,0.0292389
0.6,0.0210961
0.7,0.019739700000000002
0.8,0.0212227
0.9,0.022649799999999998
1.0,0.0252211
1.1,0.027592200000000004
1.2,0.0322757
1.3,0.038105900000000005
1.4,0.0458423
1.5,0.055440699999999996
1.6,0.07114010000000001
1.7,0.0893272
1.8,0.117849
1.9,0.16962
2.0,0.289582
2.1,0.529506
2.2,0.47670100000000004
2.3,0.384533
2.4,0.296035
2.5,0.225237
2.6,0.188223
2.7,0.168737
2.8,0.152574
2.9,0.134078
3.0,0.125075
