temperature,results
0.5,0.09963839999999999
0.6,0.11061300000000002
0.7,0.0974735
0.8,0.110571
0.9,0.06355119999999999
1.0,0.0818005
1.1,0.0853856
1.2,0.046783099999999994
1.3,0.063843
1.4,0.036745099999999996
1.5,0.0444955
1.6,0.0274105
1.7,0.018804599999999998
1.8,0.0206005
1.9,0.0257654
2.0,0.06889479999999999
2.1,0.146647
2.2,0.0610967
2.3,0.042386
2.4,0.0345523
2.5,0.0266659
2.6,0.0240188
2.7,0.0227514
2.8,0.0173482
2.9,0.017971900000000002
3.0,0.0174963
