temperature,results
0.5,0.13408399999999998
0.6,0.131429
0.7,0.114569
0.8,0.11625999999999999
0.9,0.0978697
1.0,0.0846821
1.1,0.050243300000000005
1.2,0.05597100000000001
1.3,0.041028699999999994
1.4,0.0289322
1.5,0.0252996
1.6,0.0237543
1.7,0.0273942
1.8,0.0234582
1.9,0.039919300000000005
2.0,0.139172
2.1,0.125237
2.2,0.0737198
2.3,0.0605438
2.4,0.0407681
2.5,0.0392833
2.6,0.0355307
2.7,0.029290800000000002
2.8,0.028619799999999997
2.9,0.030213
3.0,0.0226787
