temperature,results
0.5,0.0909455
0.6,0.0964716
0.7,0.100435
0.8,0.10579300000000001
0.9,0.11431300000000001
1.0,0.114148
1.1,0.115498
1.2,0.10838699999999998
1.3,0.10880999999999999
1.4,0.0885673
1.5,0.0826176
1.6,0.0934186
1.7,0.09978139999999999
1.8,0.136284
1.9,0.11345699999999999
2.0,0.0800653
2.1,0.0588685
2.2,0.0430862
2.3,0.0356272
2.4,0.0323129
2.5,0.028463299999999997
2.6,0.0269954
2.7,0.023684
2.8,0.021355700000000002
2.9,0.0207564
3.0,0.019637099999999998
