temperature,results
0.5,0.0846209
0.6,0.0426147
0.7,0.0254011
0.8,0.0159042
0.9,0.0159524
1.0,0.0160466
1.1,0.0160456
1.2,0.0164576
1.3,0.0160288
1.4,0.0170064
1.5,0.0176333
1.6,0.0182037
1.7,0.0207175
1.8,0.0242835
1.9,0.027929400000000004
2.0,0.0391969
2.1,0.0651072
2.2,0.14701199999999998
2.3,0.64094
2.4,0.752232
2.5,0.466139
2.6,0.347928
2.7,0.269377
2.8,0.21018499999999998
2.9,0.17771800000000001
3.0,0.16206800000000002
