temperature,results
0.5,0.0708164
0.6,0.0646495
0.7,0.051937699999999996
0.8,0.0491559
0.9,0.0444883
1.0,0.029108299999999997
1.1,0.022205900000000004
1.2,0.019657
1.3,0.013131299999999999
1.4,0.0118241
1.5,0.0122323
1.6,0.013567
1.7,0.0275159
1.8,0.058372400000000005
1.9,0.511839
2.0,0.908391
2.1,0.564561
2.2,0.35334
2.3,0.292031
2.4,0.22808
2.5,0.200601
2.6,0.17285999999999999
2.7,0.149066
2.8,0.139972
2.9,0.12184600000000001
3.0,0.11576199999999999
