temperature,results
0.5,0.0389048
0.6,0.032107
0.7,0.029404200000000002
0.8,0.0324829
0.9,0.0317767
1.0,0.0276892
1.1,0.0184399
1.2,0.0218433
1.3,0.0240727
1.4,0.0234481
1.5,0.0263885
1.6,0.0138891
1.7,0.0157652
1.8,0.0133916
1.9,0.00880486
2.0,0.0101959
2.1,0.00787732
2.2,0.011189600000000001
2.3,0.0600736
2.4,0.12217
2.5,0.0624635
2.6,0.0359277
2.7,0.031868900000000006
2.8,0.024748
2.9,0.0220362
3.0,0.0216359
