temperature,results
0.5,0.205341
0.6,0.193461
0.7,0.14917
0.8,0.118921
0.9,0.101396
1.0,0.0917136
1.1,0.112631
1.2,0.13253299999999998
1.3,0.168857
1.4,0.20180599999999999
1.5,0.258267
1.6,0.328296
1.7,0.39062600000000003
1.8,0.397919
1.9,0.343553
2.0,0.282562
2.1,0.237948
2.2,0.21997199999999997
2.3,0.17803
2.4,0.162714
2.5,0.147
2.6,0.135755
2.7,0.125477
2.8,0.115972
2.9,0.10989000000000002
3.0,0.102601
