temperature,results
0.5,0.15925
0.6,0.181072
0.7,0.1896
0.8,0.175543
0.9,0.197783
1.0,0.184174
1.1,0.173901
1.2,0.141085
1.3,0.175534
1.4,0.162022
1.5,0.248692
1.6,0.254708
1.7,0.20198
1.8,0.136324
1.9,0.0977082
2.0,0.0775601
2.1,0.066152
2.2,0.05236180000000001
2.3,0.0511111
2.4,0.0461364
2.5,0.0475197
2.6,0.0402869
2.7,0.0390205
2.8,0.0318243
2.9,0.029314099999999996
3.0,0.0307373
