temperature,results
0.5,0.138293
0.6,0.11129000000000001
0.7,0.0964798
0.8,0.08523810000000001
0.9,0.0642281
1.0,0.049395999999999995
1.1,0.0384708
1.2,0.0385043
1.3,0.026835400000000006
1.4,0.026259699999999997
1.5,0.0217794
1.6,0.0203088
1.7,0.030552099999999995
1.8,0.0730306
1.9,0.31742
2.0,0.247648
2.1,0.167035
2.2,0.10028
2.3,0.0828785
2.4,0.0717555
2.5,0.059120500000000006
2.6,0.0519712
2.7,0.049862199999999995
2.8,0.0440605
2.9,0.0390725
3.0,0.0402362
