temperature,results
0.5,0.07353530000000001
0.6,0.0883283
0.7,0.0809731
0.8,0.0969105
0.9,0.101563
1.0,0.11021900000000001
1.1,0.11296400000000001
1.2,0.09111799999999999
1.3,0.0805905
1.4,0.0926105
1.5,0.07641619999999999
1.6,0.0737152
1.7,0.06505409999999999
1.8,0.06463630000000001
1.9,0.0842885
2.0,0.0861609
2.1,0.0624823
2.2,0.036486300000000006
2.3,0.0352723
2.4,0.027257599999999996
2.5,0.0236088
2.6,0.0218115
2.7,0.018672400000000002
2.8,0.0167525
2.9,0.0175243
3.0,0.0141746
