temperature,results
0.5,0.10933699999999999
0.6,0.103823
0.7,0.0625141
0.8,0.0590773
0.9,0.0459616
1.0,0.024249700000000003
1.1,0.0230645
1.2,0.0306411
1.3,0.0211666
1.4,0.023497
1.5,0.017902200000000004
1.6,0.0130827
1.7,0.013881399999999999
1.8,0.0121719
1.9,0.00625813
2.0,0.00381453
2.1,0.019421200000000003
2.2,0.235265
2.3,0.0753595
2.4,0.041824
2.5,0.0316505
2.6,0.0310007
2.7,0.023400999999999998
2.8,0.0232814
2.9,0.018247700000000002
3.0,0.019485099999999998
