temperature,results
0.5,0.0972
0.6,0.0992477
0.7,0.0607414
0.8,0.0732763
0.9,0.0932451
1.0,0.100598
1.1,0.129374
1.2,0.150047
1.3,0.14289200000000002
1.4,0.142996
1.5,0.127998
1.6,0.126084
1.7,0.11104100000000001
1.8,0.0771714
1.9,0.0547373
2.0,0.040212
2.1,0.0368083
2.2,0.031128199999999998
2.3,0.031895799999999995
2.4,0.0296628
2.5,0.023203
2.6,0.021580000000000002
2.7,0.023031
2.8,0.022141499999999998
2.9,0.023867799999999998
3.0,0.0201948
