temperature,results
0.5,0.032653800000000004
0.6,0.0241447
0.7,0.0275339
0.8,0.023962999999999998
0.9,0.0171726
1.0,0.0167433
1.1,0.0119235
1.2,0.00869193
1.3,0.000487574
1.4,0.00402849
1.5,0.00921963
1.6,0.16159500000000002
1.7,0.8829040000000001
1.8,0.721058
1.9,0.442481
2.0,0.317994
2.1,0.25601
2.2,0.201301
2.3,0.172349
2.4,0.15862300000000001
2.5,0.146521
2.6,0.132222
2.7,0.11973299999999999
2.8,0.10033500000000001
2.9,0.10504400000000001
3.0,0.09532660000000001
