temperature,results
0.5,0.111747
0.6,0.127685
0.7,0.156412
0.8,0.14438499999999999
0.9,0.126223
1.0,0.0997678
1.1,0.0775375
1.2,0.0579639
1.3,0.0337742
1.4,0.042807099999999994
1.5,0.0245843
1.6,0.0258113
1.7,0.043281400000000005
1.8,0.0614266
1.9,0.15353599999999998
2.0,0.16232
2.1,0.08693719999999999
2.2,0.0576555
2.3,0.047566199999999996
2.4,0.0390153
2.5,0.0322
2.6,0.028648400000000004
2.7,0.028442400000000003
2.8,0.0242682
2.9,0.0234716
3.0,0.021529
