temperature,results
0.5,0.06361810000000001
0.6,0.0564061
0.7,0.0872633
0.8,0.060621100000000004
0.9,0.0751372
1.0,0.0798474
1.1,0.0790962
1.2,0.08216849999999999
1.3,0.07369869999999999
1.4,0.0764166
1.5,0.07021770000000001
1.6,0.0665668
1.7,0.0720418
1.8,0.082767
1.9,0.0608246
2.0,0.0440478
2.1,0.02901
2.2,0.0316492
2.3,0.027349400000000003
2.4,0.0210263
2.5,0.0198649
2.6,0.016062
2.7,0.02055
2.8,0.0160305
2.9,0.0175195
3.0,0.014249600000000001
